[{"name":"D/Generation HD", "platforms":"PC||macOS||Xbox One||PlayStation 4||Nintendo Switch", "developers":"West Coast Software", "genres":"Adventure||Puzzle"},
 {"name":"G Prime Into The Rain", "platforms":"macOS||PC||Xbox One", "developers":"Soma Games", "genres":"Simulation||Indie"},
 {"name":"Land Sliders", "platforms":"iOS", "developers":"Prettygreat Pty", "genres":"Adventure||Arcade"},
 {"name":"Pixel Gear", "platforms":"PC||PlayStation 4", "developers":"Oasis Games||Geronimo Interactive", "genres":"Action||Indie"},
 {"name":"Gods and Idols", "platforms":"PC", "developers":"Viking Tao", "genres":"RPG||Strategy||Massively Multiplayer"},
 {"name":"Plague venue", "platforms":"Web", "developers":"Alexander Ponomariov", "genres":""},
 {"name":"The Moon Sliver (itch)", "platforms":"PC||macOS", "developers":"David Szymanski", "genres":"Adventure"},
 {"name":"Red Entity", "platforms":"PC||macOS||Linux", "developers":"woof", "genres":"Action||Shooter"},
 {"name":"HippiesVsCops", "platforms":"PC", "developers":"alegaroficial", "genres":"Strategy"},
 {"name":"They Came Through the Floor", "platforms":"PC", "developers":"Atte Okkonen", "genres":"Platformer"},
 {"name":"Fading Light: Descent", "platforms":"PC", "developers":"Dansodic", "genres":"Adventure"},
 {"name":"The Book Ritual (Beta)", "platforms":"PC||macOS", "developers":"Alistair Aitcheson", "genres":""},
 {"name":"Corner of the Club Simulator", "platforms":"PC||Web", "developers":"Jayson Musson", "genres":"Simulation"},
 {"name":"Serious Sam Fusion 2017 (beta)", "platforms":"Linux||macOS||PC", "developers":"Croteam", "genres":"Action||Indie"},
 {"name":"Intelligence: The 314th Clash!", "platforms":"PC", "developers":"Bizarre Monkey", "genres":"RPG"},
 {"name":"Que Sera Sera Demo", "platforms":"PC||macOS", "developers":"Eufrasio", "genres":"Action||Shooter||Platformer"},
 {"name":"Excelsior Phase One: Lysandia", "platforms":"PC", "developers":"11th Dimension Entertainment", "genres":"RPG"},
 {"name":"Space Escape", "platforms":"Web", "developers":"Dark Wall Games", "genres":"Shooter"},
 {"name":"Passing Through the Milky Way", "platforms":"Web", "developers":"Dermot", "genres":""},
 {"name":"CORPUS100", "platforms":"Web", "developers":"MAVW", "genres":"Shooter"},
 {"name":"Thoughts", "platforms":"PC", "developers":"VikkiRuttle", "genres":"Platformer"},
 {"name":"Blasted Bots", "platforms":"PC", "developers":"IanAnimated", "genres":"Shooter"},
 {"name":"The Spaghetti Western Excavation", "platforms":"Web", "developers":"Jordan Oloman", "genres":""},
 {"name":"Life is Feudal: Forest Village", "platforms":"PC", "developers":"Mindillusion", "genres":"Strategy||Simulation||Indie"},
 {"name":"Legionwood 2: Rise of the Eternal's Realm", "platforms":"PC", "developers":"Dark Gaia Studios", "genres":"RPG"},
 {"name":"Shape Master", "platforms":"PC||macOS||Linux", "developers":"B0pt1K", "genres":""},
 {"name":"My World", "platforms":"PC||macOS", "developers":"ciderwrath", "genres":""},
 {"name":"Toilet Tycoon (itch)", "platforms":"PC", "developers":"Plug In Digital", "genres":"Strategy||Simulation"},
 {"name":"Daddy, Don't Explode Me!", "platforms":"PC", "developers":"Fi Silva", "genres":"Puzzle"},
 {"name":"The Spellbent Keep", "platforms":"PC", "developers":"Billy Slang", "genres":"RPG"},
 {"name":"Circuit Breakers - Demo", "platforms":"PC", "developers":"reel_big_kris", "genres":"Shooter"},
 {"name":"Toadie's Adventure", "platforms":"PC", "developers":"FelixBlobDev", "genres":"Adventure||Platformer"},
 {"name":"A Near Dawn: Text Prototype", "platforms":"Web", "developers":"Leonid Pilchin", "genres":"Adventure"},
 {"name":"Naval Action", "platforms":"PC", "developers":"Game-Labs", "genres":"Action||Adventure||Strategy||Simulation||Massively Multiplayer||Indie"},
 {"name":"Purify", "platforms":"PC", "developers":"Troy-Martens", "genres":"Action"},
 {"name":"Dog World", "platforms":"PC", "developers":"Solomon Fletcher", "genres":"RPG"},
 {"name":"Corra Snows", "platforms":"PC||macOS||Linux", "developers":"Mauricio Felippe", "genres":"Platformer"},
 {"name":"Graveyard Birds (itch)", "platforms":"PC||macOS", "developers":"indspenceable", "genres":"Puzzle"},
 {"name":"Dark Rogue", "platforms":"PC||macOS||Linux", "developers":"coffeemuggames", "genres":"Adventure"},
 {"name":"Bullet Time", "platforms":"PC", "developers":"Artefact", "genres":"Shooter||Platformer"},
 {"name":"La Bo\u00c3\u00aete Noire", "platforms":"Web", "developers":"corpsmoderne", "genres":""},
 {"name":"p o w e r ARM", "platforms":"PC||macOS||Linux", "developers":"Xand", "genres":"RPG"},
 {"name":"Oh No! Not Another J-RPG!", "platforms":"PC||Web", "developers":"bhimz", "genres":"RPG"},
 {"name":"Mages of Mystralia", "platforms":"PC||Xbox One||PlayStation 4||Nintendo Switch", "developers":"Borealys Games", "genres":"Action||Adventure||Indie"},
 {"name":"Emissary", "platforms":"PC||macOS||Linux||Web", "developers":"Handle", "genres":""},
 {"name":"Zeus vs Monsters - Math Game", "platforms":"PC", "developers":"Peaksel", "genres":"Educational"},
 {"name":"herboto - LD37", "platforms":"PC", "developers":"cottontrek", "genres":"Shooter"},
 {"name":"Fish Forever", "platforms":"PC", "developers":"Lethargic in the Park", "genres":""},
 {"name":"What Do We Eat for Dinner?", "platforms":"PC||macOS||Linux", "developers":"goofanader||adeeda", "genres":"Simulation"},
 {"name":"Knight of Days", "platforms":"PC", "developers":"Vault of Tears Games", "genres":"Action"},
 {"name":"Atomicollider", "platforms":"PC", "developers":"seizethedia", "genres":"Action"},
 {"name":"Torch Cave (itch)", "platforms":"PC", "developers":"Crimson Duck Studios", "genres":"Platformer"},
 {"name":"Lapis Azurai", "platforms":"Web", "developers":"BlueWinds", "genres":""},
 {"name":"SEUM: Speedrunners from Hell", "platforms":"macOS||PC||Linux||PlayStation 4||Xbox One", "developers":"Headup Games||Pine Studio", "genres":"Action||Shooter||Adventure||Arcade||Indie"},
 {"name":"BLUMAN", "platforms":"Web", "developers":"[astro station]", "genres":"Puzzle||Platformer"},
 {"name":"The Rootkit 1.1", "platforms":"PC||macOS||Linux", "developers":"Jana Games Studios", "genres":"Strategy"},
 {"name":"Horatio Salt and the Book of the Dead", "platforms":"PC||macOS||Linux", "developers":"Pigmeat", "genres":"Adventure"},
 {"name":"Gobbo goes adventure", "platforms":"PC||Android", "developers":"Roman", "genres":"Adventure"},
 {"name":"The Adventure", "platforms":"Web", "developers":"britzl", "genres":"Platformer"},
 {"name":"Imperator Defence", "platforms":"PC||macOS||Linux||Android", "developers":"Rahul Martin", "genres":"Strategy"},
 {"name":"The Dream Self", "platforms":"PC||macOS", "developers":"FMinuzzi", "genres":"Simulation"},
 {"name":"MAINFRAME", "platforms":"Web", "developers":"autophagy", "genres":""},
 {"name":"Sunrise's Pact", "platforms":"PC||macOS", "developers":"FafaStudio", "genres":"Action"},
 {"name":"Slime Hunter", "platforms":"PC", "developers":"mutantcodpiece", "genres":"Adventure"},
 {"name":"Frog Climbers", "platforms":"PC", "developers":"TeamCrew", "genres":"Indie"},
 {"name":"Choice Chamber (itch)", "platforms":"PC", "developers":"onemrbean", "genres":"Platformer"},
 {"name":"DokiDoki fanmade", "platforms":"Web", "developers":"LadyWilliam", "genres":""},
 {"name":"Push & Pull", "platforms":"PC", "developers":"ClayByte", "genres":"Platformer"},
 {"name":"Micro Island", "platforms":"PC", "developers":"TakiTonfa", "genres":"Platformer"},
 {"name":"Grab Bag", "platforms":"PC||macOS", "developers":"AaronOldenburg", "genres":""},
 {"name":"Wetwork (itch)", "platforms":"PC||macOS", "developers":"serioussam909||The Embraced One", "genres":"Action||Shooter"},
 {"name":"Alleyway Cat Street", "platforms":"PC", "developers":"Maku Animeda", "genres":"Adventure"},
 {"name":"World's Fastest Pizza (itch)", "platforms":"PC", "developers":"Oscar Brittain", "genres":"Action"},
 {"name":"The old lie", "platforms":"PC", "developers":"Fabulas Games", "genres":""},
 {"name":"Andoran Skye XD (itch)", "platforms":"PC", "developers":"One Man Army Games", "genres":"RPG"},
 {"name":"Operator Overload", "platforms":"Linux||PC||macOS", "developers":"Benn Powell", "genres":"Casual||Indie"},
 {"name":"Aloisius", "platforms":"PC||macOS||Linux||Web", "developers":"bippinbits", "genres":"Strategy"},
 {"name":"Koji", "platforms":"Web", "developers":"Aaron Santiago", "genres":"Action"},
 {"name":"Escape Takashi", "platforms":"PC", "developers":"Dealey", "genres":"Action||Racing"},
 {"name":"Tender Was the Knight", "platforms":"PC", "developers":"Brevitius", "genres":"Puzzle"},
 {"name":"Stealth Fishing", "platforms":"PC||Web", "developers":"William Baldwin", "genres":"Simulation"},
 {"name":"A Fraught Place", "platforms":"PC", "developers":"catapultfish", "genres":""},
 {"name":"Downside Up", "platforms":"PC", "developers":"joebain", "genres":"Action"},
 {"name":"Gary SpringArms - Global Game Jam 17", "platforms":"PC||macOS", "developers":"Team Gormless", "genres":"Action"},
 {"name":"Cosmonet", "platforms":"PC||macOS", "developers":"Sean Bouchard||Martzi", "genres":""},
 {"name":"Sudden Strike 4", "platforms":"macOS||iOS||Linux||PC||PlayStation 4", "developers":"Kalypso Media||Kite Games", "genres":"Action||Strategy"},
 {"name":"VR Jurassic - Cardboard Park", "platforms":"PC", "developers":"LvlAppStudio", "genres":"Simulation"},
 {"name":"Freddy's Vr", "platforms":"PC", "developers":"Case1", "genres":"Strategy"},
 {"name":"Frogbike", "platforms":"PC||macOS", "developers":"Dadcore Digital", "genres":"Puzzle"},
 {"name":"Roguefort", "platforms":"PC", "developers":"Xenotrope Games", "genres":"Adventure"},
 {"name":"Lampette", "platforms":"PC", "developers":"Alfreddy", "genres":""},
 {"name":"Scrapper Showdown", "platforms":"PC", "developers":"retrorocketeers", "genres":"Shooter"},
 {"name":"No Danger Is Too Much", "platforms":"PC||macOS||Linux||Web", "developers":"Kappa.b", "genres":"Strategy"},
 {"name":"Cosmic Chicken", "platforms":"PC", "developers":"Slothy Labs", "genres":"Action||Racing"},
 {"name":"Captain Lycop: Invasion of the Heters", "platforms":"PC||Linux", "developers":"A\u00c3\u00a9ronie", "genres":"Action||Adventure||Indie"},
 {"name":"Papai Noel is Dead", "platforms":"PC", "developers":"Pedro Paiva", "genres":"Platformer"},
 {"name":"Bollocks Biker", "platforms":"PC||macOS", "developers":"nomalles", "genres":"Simulation"},
 {"name":"The infamous @", "platforms":"Linux", "developers":"sgadrat", "genres":"Action"},
 {"name":"Verald Defense", "platforms":"PC", "developers":"MDVGames", "genres":"Strategy"},
 {"name":"Dream Gazer", "platforms":"PC||Web", "developers":"Richard_Daskas", "genres":"Platformer"},
 {"name":"Sepia and the Magical Book", "platforms":"PC", "developers":"konoe", "genres":"Platformer"},
 {"name":"Giga Girl (itch)", "platforms":"PC", "developers":"Outgunned Games", "genres":"Platformer"},
 {"name":"Flable Tip", "platforms":"PC", "developers":"Cosmic Adventure Squad", "genres":"Simulation"},
 {"name":"Star Wrecker Pre-Demo Demo", "platforms":"PC", "developers":"Mr Frog", "genres":"Action"},
 {"name":"Bullets!", "platforms":"PC", "developers":"Lethargic in the Park", "genres":"Shooter"},
 {"name":"Riders of Asgard", "platforms":"PC||Linux", "developers":"Gobbo Games", "genres":"Sports||Indie"},
 {"name":"Comforting Sounds", "platforms":"PC||macOS||Web", "developers":"melessthanthree", "genres":"Simulation"},
 {"name":"Super Capybros. 4 Advance", "platforms":"PC||Web", "developers":"kyuu", "genres":"Action"},
 {"name":"Accurate Coastlines", "platforms":"Web", "developers":"Cl\u00c3\u0192\u00c2\u00a9ment Duquesne", "genres":"Simulation"},
 {"name":"Road to Ruin", "platforms":"", "developers":"TomCooper3D", "genres":""},
 {"name":"BOB (TylerC)", "platforms":"PC", "developers":"TylerC", "genres":"Platformer"},
 {"name":"Zasa - An AI Story (itch)", "platforms":"PC", "developers":"Rainssong", "genres":"Puzzle"},
 {"name":"The Congress of Monsterdom", "platforms":"PC", "developers":"Artylo", "genres":""},
 {"name":"Surf Shogun", "platforms":"PC", "developers":"FarmerGnome", "genres":"Action"},
 {"name":"Mouse Boat", "platforms":"PC", "developers":"CowThing", "genres":""},
 {"name":"Drawn In", "platforms":"PC", "developers":"bunnybreaker", "genres":"Shooter"},
 {"name":"Mouse Playhouse", "platforms":"PC", "developers":"Tinkertainment", "genres":"Casual||Indie"},
 {"name":"Project: Scarf - Demo", "platforms":"PC", "developers":"1StupidRat - Toxic Sasquatch", "genres":"RPG"},
 {"name":"Trapped Demon", "platforms":"PC", "developers":"Rango", "genres":"Puzzle||Platformer"},
 {"name":"2V Hoverbike (itch)", "platforms":"PC||macOS", "developers":"Intertum", "genres":"Shooter"},
 {"name":"Dual Wielded", "platforms":"Web", "developers":"Alex T. Colombini", "genres":"Platformer"},
 {"name":"Dadoor", "platforms":"PC", "developers":"Folz", "genres":"Action"},
 {"name":"Project Starship (itch)", "platforms":"PC", "developers":"xXarabongXx", "genres":"Shooter"},
 {"name":"Super Skeleboy", "platforms":"Web", "developers":"rarelikeaunicorn", "genres":"Platformer"},
 {"name":"Ghostblasters: You Know Who to Call", "platforms":"Web", "developers":"donboody", "genres":"Platformer"},
 {"name":"Dawn", "platforms":"PC", "developers":"Brave Rabbit Games", "genres":"Adventure||Casual"},
 {"name":"Aaron's Particle Space", "platforms":"PC", "developers":"AaronB", "genres":"Simulation||Educational"},
 {"name":"Tapsailing", "platforms":"PC", "developers":"Vonnbit", "genres":"Simulation"},
 {"name":"", "platforms":"PC||macOS||Linux", "developers":"Jusiv", "genres":"Adventure||Puzzle"},
 {"name":"Teh Stream: A Twizted Tale", "platforms":"PC", "developers":"Leggy", "genres":"Adventure"},
 {"name":"Coop Action Game Kit", "platforms":"PC||macOS", "developers":"DanielSnd", "genres":"Shooter"},
 {"name":"Roru", "platforms":"PC||macOS||Linux", "developers":"Gero", "genres":"Puzzle||Platformer"},
 {"name":"NanoVirus", "platforms":"PC", "developers":"Jay Yabsley", "genres":"Action"},
 {"name":"Dungeon Scoundrel", "platforms":"Web", "developers":"Bret Sepulveda", "genres":"RPG"},
 {"name":"Just Feel", "platforms":"PC", "developers":"AmelieBy", "genres":""},
 {"name":"MXGP3 - The Official Motocross Videogame", "platforms":"Xbox One||PC||Nintendo Switch||PlayStation 4", "developers":"Milestone", "genres":"Simulation||Sports||Racing"},
 {"name":"Mirror Protocol", "platforms":"PC||macOS||Linux", "developers":"POLIMI Game Collective", "genres":""},
 {"name":"Act of Mercy", "platforms":"PC", "developers":"Zircona Works", "genres":"RPG"},
 {"name":"Rain Fall", "platforms":"PC||macOS", "developers":"Old School Entertainment", "genres":"Puzzle"},
 {"name":"Bash Foxycut", "platforms":"PC", "developers":"tomqz", "genres":"Platformer"},
 {"name":"P\u00ce\u00bccman", "platforms":"Web", "developers":"William John Holly", "genres":"Adventure"},
 {"name":"Elemental Warrior", "platforms":"PC", "developers":"bunaguchi", "genres":"Platformer"},
 {"name":"Papi Commando - 100% Free Version PC !", "platforms":"PC", "developers":"Studio Vetea", "genres":"Action"},
 {"name":"Humdrum", "platforms":"PC", "developers":"Artifice Machine", "genres":"Puzzle"},
 {"name":"Krampus Quest (itch)", "platforms":"PC", "developers":"FrozenRose", "genres":"Platformer"},
 {"name":"Matter (itch)", "platforms":"PC", "developers":"Juan Barba", "genres":"Adventure"},
 {"name":"Einlanzer", "platforms":"PC", "developers":"Andrew Ryan Henke", "genres":"RPG"},
 {"name":"Starjunk DSSR", "platforms":"PC", "developers":"charon@ss", "genres":"RPG"},
 {"name":"Foxglove", "platforms":"Web", "developers":"minuo", "genres":""},
 {"name":"GATE", "platforms":"PC", "developers":"m-lckr", "genres":"Puzzle"},
 {"name":"SnowNews", "platforms":"PC", "developers":"DavidPixel", "genres":"Adventure"},
 {"name":"Dinos Stole My Hyperdrive", "platforms":"Web", "developers":"Jerementor", "genres":"Platformer"},
 {"name":"The Devil's Asshole", "platforms":"Web", "developers":"anna anthropy", "genres":""},
 {"name":"The Little Prince", "platforms":"PC", "developers":"CerebralTiger", "genres":"Action"},
 {"name":"Postman", "platforms":"PC||Web", "developers":"Mysli", "genres":"Action||Platformer"},
 {"name":"Mortal Online", "platforms":"PC", "developers":"Star Vault", "genres":"Action||RPG||Massively Multiplayer||Indie"},
 {"name":"Willow (itch)", "platforms":"PC", "developers":"KevKev", "genres":"Platformer"},
 {"name":"Skull Dude", "platforms":"PC", "developers":"TheOtherGuy", "genres":"Adventure"},
 {"name":"Ultra6000", "platforms":"PC||Linux", "developers":"P1X", "genres":"Action"},
 {"name":"Starfire Lords: Genesis", "platforms":"PC||macOS||Linux", "developers":"josefnpat", "genres":"Shooter"},
 {"name":"Race against ferrum gigantes", "platforms":"PC||macOS||Linux", "developers":"justinbieshaar", "genres":"Adventure||Racing"},
 {"name":"Rain Game (working title)", "platforms":"PC", "developers":"Adam Rezich", "genres":"Adventure"},
 {"name":"Medieval Towns", "platforms":"PC||macOS||Linux", "developers":"Brox||Station 437", "genres":"Action||Massively Multiplayer||Indie"},
 {"name":"Scuttle at the Shuttle", "platforms":"PC", "developers":"Matthew_Moore", "genres":"Fighting"},
 {"name":"The Kleptocracy of Rodentia", "platforms":"PC||macOS", "developers":"Jem Smith", "genres":"Action"},
 {"name":"Lake Serene", "platforms":"PC", "developers":"Reval Indie House", "genres":""},
 {"name":"Of Guards And Thieves", "platforms":"PC", "developers":"Subvert Games", "genres":"Action||Shooter||Casual||Indie"},
 {"name":"33 Grams", "platforms":"PC||macOS||Linux", "developers":"Martin Cohen", "genres":"Adventure"},
 {"name":"Beat Trainer Deluxe", "platforms":"PC", "developers":"feversuperstar", "genres":""},
 {"name":"Castle Chaos (itch)", "platforms":"PC||macOS||Linux", "developers":"GameChump", "genres":"Action"},
 {"name":"White Window", "platforms":"PC", "developers":"Benal", "genres":"Puzzle"},
 {"name":"Legends of Pizza Night", "platforms":"Web", "developers":"Jason Payne", "genres":"Adventure"},
 {"name":"DISCOCUBE", "platforms":"Web", "developers":"BathPirate", "genres":"Puzzle"},
 {"name":"Bumble Bots", "platforms":"Web", "developers":"eriban", "genres":"Action||Puzzle"},
 {"name":"MagiTech City Blitz", "platforms":"PC||macOS", "developers":"TeamTacoCat", "genres":""},
 {"name":"EEP Train Simulator Mission", "platforms":"PC", "developers":"Trend Redaktions- und Verlagsgesellschaft mbH", "genres":"Strategy||Simulation"},
 {"name":"Port Blackfire", "platforms":"PC||macOS", "developers":"nemonio", "genres":"Adventure"},
 {"name":"Frost Final Demo", "platforms":"PC", "developers":"SpaceDogGames", "genres":"Action"},
 {"name":"Twirl", "platforms":"iOS||PC||macOS||Linux", "developers":"KasSanity||Heather Robertson", "genres":"Action||Casual"},
 {"name":"The Rodinia Project (itch)", "platforms":"PC", "developers":"Aegon Games", "genres":"Puzzle"},
 {"name":"onychophora", "platforms":"PC||macOS||Linux||Web", "developers":"renato_grottesi", "genres":"Puzzle"},
 {"name":"BEARZERKERS (itch)", "platforms":"PC", "developers":"Wildgrass", "genres":"Action"},
 {"name":"Uncharted Dreams - Fate of the Miniatures", "platforms":"PC||Android", "developers":"Franklin's Ghost", "genres":"Platformer"},
 {"name":"FEAR OF VENGEANCE", "platforms":"PC", "developers":"Usamahsnakeeater", "genres":""},
 {"name":"SteamedHams.exe", "platforms":"PC", "developers":"MonsterJail", "genres":""},
 {"name":"The Attic's a Dungeon ?!", "platforms":"PC||macOS", "developers":"Martian's Parlor Entertainment", "genres":"Adventure"},
 {"name":"Gravity Sketch VR", "platforms":"PC", "developers":"Gravity Sketch", "genres":""},
 {"name":"Defend Felinearth (itch)", "platforms":"PC", "developers":"SlimeG", "genres":"Shooter"},
 {"name":"Get Well Soon", "platforms":"Web", "developers":"shabby", "genres":"Puzzle"},
 {"name":"Magnetic", "platforms":"PC||macOS||Android||Web", "developers":"ProdigalSon||Drums", "genres":"Puzzle"},
 {"name":"BURROWED TIME", "platforms":"PC||macOS", "developers":"ENDESGA", "genres":"Action"},
 {"name":"Lovely Anemone", "platforms":"PC||macOS", "developers":"Luscious Spirit Studios", "genres":""},
 {"name":"Empress", "platforms":"PC", "developers":"ashwood", "genres":"RPG"},
 {"name":"Blood Alloy: Reborn (itch)", "platforms":"PC", "developers":"SuppressiveFireGames", "genres":"Action"},
 {"name":"Dungeons & Clicks", "platforms":"Web", "developers":"saucygames", "genres":"Action"},
 {"name":"Amazing Frog?", "platforms":"iOS||Linux||PC||macOS", "developers":"Fayju", "genres":"Action||Adventure||Indie"},
 {"name":"Soul of the Sword", "platforms":"PC", "developers":"B Studios", "genres":"Platformer"},
 {"name":"Star Billions", "platforms":"PC", "developers":"catchandrelease", "genres":"Adventure"},
 {"name":"Lil' Blue Buddy (itch)", "platforms":"PC||macOS||Linux", "developers":"Emerald Interactive Games", "genres":""},
 {"name":"Drop Kick", "platforms":"Web", "developers":"st33d", "genres":"Puzzle"},
 {"name":"Foggy Road", "platforms":"Web", "developers":"Blue Glasses Publishing||Lucky 3 Studios", "genres":"Adventure"},
 {"name":"Elemental Mages", "platforms":"PC||Linux", "developers":"themightyglider", "genres":"Action"},
 {"name":"A Cosmic Forest", "platforms":"PC||macOS||Linux", "developers":"Titouan Millet", "genres":""},
 {"name":"Seed of Corruption", "platforms":"PC", "developers":"bgra12", "genres":"Adventure"},
 {"name":"The Sheriff", "platforms":"PC||Web", "developers":"PhoenixBoltS", "genres":"RPG"},
 {"name":"Hand and Hand", "platforms":"PC||macOS", "developers":"raghaaav", "genres":""},
 {"name":"Fastar!", "platforms":"iOS", "developers":"Cat in a Box Games", "genres":"RPG"},
 {"name":"Arizona Sunshine", "platforms":"PC||PlayStation 4", "developers":"Vertigo Games||Jaywalkers Interactive", "genres":"Action||Adventure||Indie"},
 {"name":"AwPG", "platforms":"PC", "developers":"Akadeax", "genres":"RPG"},
 {"name":"Petricine", "platforms":"PC||macOS", "developers":"Korigame", "genres":"Simulation"},
 {"name":"You're My Hero", "platforms":"PC||Linux", "developers":"Stand Off Software", "genres":"Adventure"},
 {"name":"Episode 3", "platforms":"PC", "developers":"MattiasGustavsson", "genres":"Platformer"},
 {"name":"PSYCHO STRAFE", "platforms":"PC||macOS||Linux", "developers":"xra", "genres":"Shooter"},
 {"name":"TITONIC FISHERMAN", "platforms":"Web", "developers":"Froach Club", "genres":""},
 {"name":"One Hit KO (EARLY PROTOTYPE)", "platforms":"PC", "developers":"santiagoc", "genres":"Action||Fighting"},
 {"name":"Clearing Your Name", "platforms":"Web", "developers":"DaneAsmund", "genres":""},
 {"name":"TAQUITO TOWER: THE BURRITO GALAXY BEAN SAGA 30X6", "platforms":"", "developers":"swackSoft softWorks workShop", "genres":"Adventure"},
 {"name":"Hashiru", "platforms":"PC", "developers":"trg601", "genres":"Adventure"},
 {"name":"Echo Lake", "platforms":"PC", "developers":"Capsule Three", "genres":"Adventure||Indie"},
 {"name":"Fyre", "platforms":"PC", "developers":"Raindrinker", "genres":"Adventure||Sports"},
 {"name":"Dandelion (Atwood Deng)", "platforms":"Android", "developers":"Atwood Deng", "genres":"Puzzle"},
 {"name":"paintings.ini", "platforms":"PC||macOS", "developers":"lazlo", "genres":""},
 {"name":"Gambling Guns", "platforms":"PC", "developers":"Jerementor", "genres":"Action"},
 {"name":"Little Tokyo", "platforms":"Web", "developers":"FlyingFlambe", "genres":"Simulation"},
 {"name":"Light Drifter 34", "platforms":"Web", "developers":"Thought Reactor", "genres":"Puzzle"},
 {"name":"FaeVerse Link (itch)", "platforms":"PC", "developers":"Subsoap", "genres":"Puzzle"},
 {"name":"Max Stern (itch)", "platforms":"PC||macOS||Linux", "developers":"ozzmotor", "genres":"Adventure"},
 {"name":"House Plant - Plant Simulator", "platforms":"PC", "developers":"VirtuaWave", "genres":"Simulation"},
 {"name":"Disquiet", "platforms":"PC||Linux", "developers":"wilbefast", "genres":""},
 {"name":"Messages", "platforms":"PC||macOS||Linux", "developers":"Jusiv", "genres":""},
 {"name":"Bortbytingen", "platforms":"PC", "developers":"Pinecone Creations", "genres":"Adventure"},
 {"name":"Germ Scope", "platforms":"PC", "developers":"Wugabuga", "genres":"Adventure"},
 {"name":"Le Chat Fonce: Petite Adventure 2", "platforms":"Web", "developers":"Roberto Romao", "genres":"Adventure"},
 {"name":"Sticks & Stones", "platforms":"macOS||PC||Linux", "developers":"adventuretron", "genres":"Adventure"},
 {"name":"Mirai Zufall: Random Episode of the Future", "platforms":"PC||macOS||Linux", "developers":"vn@410", "genres":""},
 {"name":"possession (itch)", "platforms":"PC||macOS", "developers":"pfail", "genres":"Puzzle"},
 {"name":"Autumn's Fall", "platforms":"PC||macOS||Web", "developers":"anttihaavikko", "genres":"Puzzle"},
 {"name":"Coalesce", "platforms":"PC", "developers":"Coalesce", "genres":""},
 {"name":"Geneshift", "platforms":"Linux||PC", "developers":"Nik Nak Studios", "genres":"Action||RPG||Indie"},
 {"name":"The Wild Eternal (itch)", "platforms":"PC", "developers":"Ilsanjo", "genres":"Adventure"},
 {"name":"Artemisa", "platforms":"PC", "developers":"WastedHorchata", "genres":"Action"},
 {"name":"Quiet of the Leaves", "platforms":"PC", "developers":"Quiet of the Leaves Team", "genres":"Adventure"},
 {"name":"One Small Step (Liam de Valmency)", "platforms":"PC||macOS||Linux", "developers":"Liam de Valmency", "genres":"Platformer"},
 {"name":"Bloom (itch)", "platforms":"PC", "developers":"ArtFX School", "genres":"Adventure||Puzzle"},
 {"name":"PewDiePie Dating Simulator", "platforms":"PC||macOS||Linux", "developers":"OmogonixYT", "genres":"Simulation"},
 {"name":"Game Night", "platforms":"PC", "developers":"crazetex", "genres":"RPG"},
 {"name":"Tickle Monster vs Suits", "platforms":"PC||Linux", "developers":"DOS", "genres":""},
 {"name":"Elsewhere High: Chapter 2 - A Visual Novel", "platforms":"PC||macOS", "developers":"Penholder", "genres":"Adventure"},
 {"name":"GameCompany Tycoon", "platforms":"PC||macOS||Linux", "developers":"Octavian Matei", "genres":"Simulation"},
 {"name":"The Keep", "platforms":"PC||macOS||Nintendo 3DS||Nintendo Switch", "developers":"CINEMAX", "genres":"RPG||Indie"},
 {"name":"Astrobeats", "platforms":"PC||macOS", "developers":"Andrew Forsythe", "genres":""},
 {"name":"Five Nights at Thomas's", "platforms":"PC", "developers":"jfun300", "genres":"Strategy"},
 {"name":"Endless Lander", "platforms":"Android", "developers":"Squirrelbot Games", "genres":"Action"},
 {"name":"mid-air", "platforms":"PC||macOS", "developers":"Caleb Middlebrook", "genres":""},
 {"name":"The Story of Melody", "platforms":"PC||macOS", "developers":"Glacier Games", "genres":"Adventure"},
 {"name":"Switch - Or Die Trying (itch)", "platforms":"macOS||Linux||PC", "developers":"Threye", "genres":"Platformer"},
 {"name":"Swapland", "platforms":"PC||macOS||Linux", "developers":"arcadia-clojure", "genres":"Shooter"},
 {"name":"IRONMASH!", "platforms":"PC", "developers":"Norberto", "genres":"Strategy"},
 {"name":"Real FPS", "platforms":"PC", "developers":"Sick Games", "genres":"Shooter"},
 {"name":"Brains of Racing", "platforms":"PC||Android", "developers":"5you", "genres":"Racing"},
 {"name":"BRAIN / OUT", "platforms":"PC||macOS||Linux", "developers":"Desertkun", "genres":"Action||Massively Multiplayer||Indie"},
 {"name":"Starbear: Taxi (itch)", "platforms":"PC", "developers":"Funktronic Labs", "genres":"Action"},
 {"name":"Underfell:Disbelief", "platforms":"PC", "developers":"dethilluminatigames", "genres":"Puzzle"},
 {"name":"Home of the Wasteland", "platforms":"PC", "developers":"Zaclexion", "genres":"Adventure"},
 {"name":"BirdBrain [LD40]", "platforms":"PC", "developers":"Cosmic Crystal Games", "genres":"Platformer"},
 {"name":"Museum (itch)", "platforms":"PC", "developers":"Quentin Kergu\u00c3\u0192\u00c2\u00a9len", "genres":""},
 {"name":"Tieced", "platforms":"PC||macOS", "developers":"tieced", "genres":"Platformer"},
 {"name":"Sound Echoes", "platforms":"PC", "developers":"MatheusMortatti", "genres":"Platformer"},
 {"name":"C://TEXTRIS.EXE (traviswhendrix, vgmede, radaeze)", "platforms":"PC||macOS||Web", "developers":"traviswhendrix||vgmede||radaeze", "genres":"Adventure||Puzzle"},
 {"name":"robo-tea:2ndServing! (demo)", "platforms":"PC||macOS||Linux", "developers":"jo-robo/robohaven", "genres":""},
 {"name":"Dynasty Feud Demo", "platforms":"PC", "developers":"kaia_studios", "genres":"Action||Fighting"},
 {"name":"Chronicles of a Dark Lord: Tides of Fate Remastered", "platforms":"PC", "developers":"Kisareth Studios", "genres":"RPG||Indie"},
 {"name":"Whiteout (itch)", "platforms":"PC||macOS||Linux", "developers":"Ren\u00c3\u00a9 Rother", "genres":"Adventure"},
 {"name":"Cranium Conundrum (itch)", "platforms":"PC", "developers":"tristanjmnz", "genres":"Platformer"},
 {"name":"The Hunting Season VR", "platforms":"PC", "developers":"Guardsman111", "genres":"Simulation"},
 {"name":"Porcelain Pork Purloiner", "platforms":"PC", "developers":"DrMelon", "genres":"Platformer"},
 {"name":"Defending Camelot (itch)", "platforms":"PC", "developers":"ZekGame", "genres":"Strategy"},
 {"name":"Currently Running Processes", "platforms":"PC||macOS||Linux", "developers":"Cut Garnet Games", "genres":"Action"},
 {"name":"Don't Blink!", "platforms":"PC", "developers":"FREEZX", "genres":"Platformer"},
 {"name":"Afuera", "platforms":"PC||macOS||Linux", "developers":"Anomie", "genres":""},
 {"name":"Sumo Shape Shifters!", "platforms":"PC", "developers":"BrainyBeard", "genres":"Fighting"},
 {"name":"Material Possession", "platforms":"PC", "developers":"GameDesign@LTU", "genres":"Puzzle"},
 {"name":"Stellar Monarch", "platforms":"PC", "developers":"Silver Lemur Games", "genres":"Strategy||Simulation||Indie"},
 {"name":"Raucous Raccard", "platforms":"Web", "developers":"noumenus", "genres":"Platformer"},
 {"name":"Little Kite (itch)", "platforms":"PC||macOS", "developers":"Anatolii", "genres":"Adventure"},
 {"name":"Juan Salud Robot Training Facility", "platforms":"PC||Web", "developers":"Secretcat", "genres":""},
 {"name":"Witch of Moone", "platforms":"PC", "developers":"RodentStudios", "genres":"Adventure"},
 {"name":"Nobody's Home", "platforms":"PC||macOS||Linux", "developers":"Callum John", "genres":"Adventure"},
 {"name":"Pooch Parade", "platforms":"PC", "developers":"Atemly Games", "genres":""},
 {"name":"Dungeon Of Keys", "platforms":"PC||macOS||Linux", "developers":"Linkan", "genres":""},
 {"name":"Super Puzzle Platformer", "platforms":"PC", "developers":"morrish", "genres":"Platformer"},
 {"name":"Space Engineers", "platforms":"PC||Xbox One", "developers":"Keen Software House", "genres":"Action||Strategy||Simulation||Indie"},
 {"name":"Tubulance", "platforms":"PC", "developers":"merteor", "genres":"Action"},
 {"name":"LOW REZ LAZER", "platforms":"PC", "developers":"Coxyworthy", "genres":"Puzzle"},
 {"name":"Train of Afterlife (itch)", "platforms":"PC||macOS||Linux", "developers":"zeiva", "genres":"Adventure"},
 {"name":"Excelsior Phase Two: Errondor", "platforms":"PC", "developers":"11th Dimension Entertainment", "genres":"RPG"},
 {"name":"BloodSpace", "platforms":"PC||macOS||Linux", "developers":"Kayabros", "genres":"Shooter"},
 {"name":"Monzteporn", "platforms":"PC", "developers":"TheWorldOfCM", "genres":""},
 {"name":"Thirsty Prom", "platforms":"PC", "developers":"Matt Donatelli||JillianStiles", "genres":""},
 {"name":"Minor Fall Major Lift", "platforms":"Web", "developers":"Lady Isak", "genres":""},
 {"name":"Get Even", "platforms":"PC||Xbox One||PlayStation 4", "developers":"BANDAI NAMCO Entertainment America||The Farm 51", "genres":"Action||Adventure||Indie"},
 {"name":"The Story of my Hanok", "platforms":"PC", "developers":"TeamGlowBox", "genres":""},
 {"name":"Little Pieces", "platforms":"PC", "developers":"Samuel Sousa", "genres":"Puzzle"},
 {"name":"Click for Speed", "platforms":"PC||Android||Web", "developers":"Borodar", "genres":"Racing"},
 {"name":"RPG Tycoon (itch)", "platforms":"PC||macOS", "developers":"Skatanic Studios", "genres":"Adventure||Strategy||Simulation"},
 {"name":"CowboyGame (WIP Title)", "platforms":"PC", "developers":"CiaranEvans", "genres":"Adventure"},
 {"name":"Depression, Presented Ludically, In The Form Of A Videogame", "platforms":"PC", "developers":"videodante", "genres":""},
 {"name":"Septic Savages (itch)", "platforms":"PC||macOS||Linux", "developers":"Jenito", "genres":"Action"},
 {"name":"B'loon Blast", "platforms":"PC||Web", "developers":"JunoStriker", "genres":"Action"},
 {"name":"Displaceable source", "platforms":"PC", "developers":"Holy Black Cat", "genres":"Platformer"},
 {"name":"Royal Defense Ultimate Collection", "platforms":"PS Vita", "developers":"8Floor", "genres":""},
 {"name":"Drums Hero", "platforms":"PC", "developers":"Player Of Music Technology", "genres":"Action||Simulation||Sports||Casual||Indie"},
 {"name":"CyberRace - TwitchGame/Bot", "platforms":"PC", "developers":"CyberTriber", "genres":"Sports"},
 {"name":"FROX", "platforms":"PC", "developers":"Juicy Beast", "genres":"Action"},
 {"name":"Whisper (itch)", "platforms":"Web", "developers":"antstiller", "genres":""},
 {"name":"NAOMI", "platforms":"PC||macOS||Linux", "developers":"Paper Star Studios", "genres":""},
 {"name":"Shh, Zombies", "platforms":"Android", "developers":"Carwash", "genres":"Puzzle"},
 {"name":"Predicate Demo", "platforms":"PC", "developers":"Boboto", "genres":"Action"},
 {"name":"BombOn", "platforms":"PC||macOS", "developers":"Intertum", "genres":"Puzzle"},
 {"name":"Speechless (itch)", "platforms":"Web", "developers":"Adam Dixon", "genres":"RPG"},
 {"name":"Eating Hearts", "platforms":"PC", "developers":"Princesseuh", "genres":"Action||Adventure"},
 {"name":"Lord of the Beer", "platforms":"PC", "developers":"blackbones", "genres":"Strategy"},
 {"name":"Battlerite", "platforms":"PC", "developers":"Stunlock Studios", "genres":"Action"},
 {"name":"It Was The Saddest Porn", "platforms":"Web", "developers":"zivlok", "genres":"Adventure"},
 {"name":"Ultimate Snowboard", "platforms":"PC", "developers":"GrazHero", "genres":"Sports"},
 {"name":"Pokemon Aventure (Demo)", "platforms":"PC||Linux", "developers":"miguel77", "genres":"Adventure"},
 {"name":"Spirit Serenade - Download", "platforms":"PC", "developers":"Ardent Skylight", "genres":"Adventure"},
 {"name":"Doctor Dash", "platforms":"PC", "developers":"Game Development for Civil Defense", "genres":"Strategy"},
 {"name":"Liz & Laz: The Control Cubes", "platforms":"PC", "developers":"whatnot", "genres":"Action||Platformer"},
 {"name":"A Hundred Dogs", "platforms":"PC", "developers":"GentooGames", "genres":""},
 {"name":"WTF Trolls", "platforms":"PC||macOS||Linux", "developers":"Itchy Games", "genres":"Action||Shooter"},
 {"name":"Not Dead Yet", "platforms":"PC", "developers":"Shonky Solos", "genres":"Shooter"},
 {"name":"The Cooking Game", "platforms":"macOS||iOS||PC", "developers":"Play Spirit", "genres":"Simulation||Casual||Family||Indie"},
 {"name":"Klure! (Demo)", "platforms":"PC", "developers":"j.noodlerat", "genres":"Action"},
 {"name":"PHREN (demo)", "platforms":"PC", "developers":"Cosmic Wolf", "genres":"Adventure||Puzzle"},
 {"name":"Light, After The War", "platforms":"Web", "developers":"Flyber", "genres":"Puzzle||Platformer"},
 {"name":"Modern Knights", "platforms":"PC||macOS||Linux", "developers":"initialPrefabs", "genres":"Shooter"},
 {"name":"Battleman Towerkill - Championship Edition", "platforms":"PC||Linux||Web", "developers":"danmakesgame", "genres":"Action"},
 {"name":"Medic Panic!", "platforms":"PC||Web", "developers":"Gato D", "genres":"Action"},
 {"name":"Bitochondria", "platforms":"Web", "developers":"DiVeR", "genres":"Adventure"},
 {"name":"You Shall Not Jump - Demo", "platforms":"PC", "developers":"time-robbers", "genres":"Action||RPG"},
 {"name":"Silver Island Demo", "platforms":"PC", "developers":"J", "genres":"Platformer"},
 {"name":"Cube Subject", "platforms":"PC", "developers":"HavanHUN", "genres":"Platformer"},
 {"name":"FingerBoy", "platforms":"Web", "developers":"Dead Monkey Games", "genres":"Puzzle"},
 {"name":"Battle on the Bridge", "platforms":"PC", "developers":"battleonthebridge", "genres":"Action"},
 {"name":"Spaceship Havoc", "platforms":"PC", "developers":"grifdail", "genres":"Shooter"},
 {"name":"Closet Warriors", "platforms":"PC", "developers":"ClosetWarriorsDT", "genres":"Action||Fighting"},
 {"name":"Nano Fight", "platforms":"PC", "developers":"Luke100000", "genres":"Strategy"},
 {"name":"Therian Saga", "platforms":"PC", "developers":"Virtys", "genres":"RPG||Strategy||Massively Multiplayer"},
 {"name":"Grid Masters (itch)", "platforms":"PC", "developers":"Angry Hangar Games||j3gb3rt", "genres":"Action||Strategy||Fighting"},
 {"name":"A Walk", "platforms":"Web", "developers":"justinrunge", "genres":""},
 {"name":"Some Wizards Are From Ohio", "platforms":"PC", "developers":"Icecreamslice", "genres":"Action"},
 {"name":"Bridge Strike (itch)", "platforms":"PC", "developers":"Underground Arcade", "genres":"Shooter"},
 {"name":"Zappy Boy's Adventure", "platforms":"PC", "developers":"enralis", "genres":"Platformer"},
 {"name":"Mine18", "platforms":"PC", "developers":"RoundTableStudio", "genres":"Educational"},
 {"name":"Flat Kingdom", "platforms":"PC||macOS", "developers":"Games Starter", "genres":"Action||Platformer"},
 {"name":"Zenith's Call", "platforms":"PC", "developers":"zenithscall", "genres":"RPG"},
 {"name":"Operations Calibration Droid", "platforms":"PC||macOS||Linux", "developers":"Kent Sheely", "genres":"Action"},
 {"name":"Gummy Dad Colorland", "platforms":"PC||macOS", "developers":"C\u00c3\u00a9dric Ricci", "genres":"Platformer"},
 {"name":"HITMAN", "platforms":"Linux||macOS||PC||Xbox One||PlayStation 4", "developers":"Feral Interactive||Square Enix||IO Interactive", "genres":"Action||Shooter"},
 {"name":"Maze Man", "platforms":"PC", "developers":"nineliiife", "genres":"Puzzle"},
 {"name":"White Eyes", "platforms":"PC||macOS", "developers":"xeag", "genres":"Adventure"},
 {"name":"Crystal Capture Cave", "platforms":"PC||macOS", "developers":"Elliott Davis", "genres":"Sports"},
 {"name":"Dredger", "platforms":"PC", "developers":"BigHandInSky", "genres":"Action"},
 {"name":"Danger Close! (itch)", "platforms":"PC", "developers":"servadac", "genres":"Shooter"},
 {"name":"PINBLAST!", "platforms":"macOS", "developers":"Thoth", "genres":"Action||Shooter||Puzzle"},
 {"name":"10 Days to ((WAVE))olution", "platforms":"PC", "developers":"Triiiniteam", "genres":"Strategy"},
 {"name":"Polygon Wars", "platforms":"PC||macOS||Linux", "developers":"QuazyWazzy", "genres":"Shooter"},
 {"name":"Knight Guard", "platforms":"Web", "developers":"AdmiralSkye", "genres":"Action"},
 {"name":"Team Racing League", "platforms":"PC", "developers":"Gamious", "genres":"Action||Sports||Racing||Indie"},
 {"name":"PMC Builder", "platforms":"PC", "developers":"Improper Works", "genres":""},
 {"name":"Legend of Sihara", "platforms":"PC", "developers":"MackValentine", "genres":"Platformer"},
 {"name":"Miniscule Frenzy", "platforms":"Web", "developers":"David Styrbj\u00c3\u00b6rn", "genres":"Platformer"},
 {"name":"Starpiercer", "platforms":"", "developers":"Schrodinger Games", "genres":"Action||Shooter"},
 {"name":"AgnesDoll", "platforms":"PC", "developers":"Moritz Ratajczak||NinoBrugger||Annikasc", "genres":"Adventure"},
 {"name":"Create a Game series", "platforms":"PC||macOS||Linux", "developers":"Sebastian Lague", "genres":"Shooter"},
 {"name":"Escapade! - LD39", "platforms":"Web", "developers":"Togimaro||hygon", "genres":"Platformer"},
 {"name":"Rara Project", "platforms":"PC||macOS||Linux", "developers":"afternite", "genres":"RPG"},
 {"name":"Fragments of Genesis", "platforms":"PC", "developers":"Tsuyoi Raion", "genres":"Puzzle"},
 {"name":"Europa Universalis IV", "platforms":"PC||Linux||macOS", "developers":"Paradox Development Studio", "genres":"Strategy"},
 {"name":"Hexed (itch)", "platforms":"PC", "developers":"Rhys Wittingslow", "genres":"Action||Shooter"},
 {"name":"You're dad, man!", "platforms":"macOS", "developers":"Teddy's Tummy||redu||orlowska||bugala", "genres":"Shooter"},
 {"name":"Inbetween a Land of Grass", "platforms":"PC||macOS||Linux", "developers":"From Smiling", "genres":"Puzzle"},
 {"name":"Humanoids", "platforms":"PC", "developers":"Phyrebot", "genres":"Shooter||Platformer"},
 {"name":"PicOS 95", "platforms":"Web", "developers":"PixelDough", "genres":""},
 {"name":"Shadows of A New Form", "platforms":"PC||macOS", "developers":"cwook", "genres":"Action"},
 {"name":"out of control", "platforms":"Web", "developers":"ahmedSamyAlkhouly", "genres":"Action"},
 {"name":"NOM DE GUERRE", "platforms":"PC", "developers":"ROMAN LABS", "genres":""},
 {"name":"Battle Box (itch)", "platforms":"PC", "developers":"Pixelmancer", "genres":"Action"},
 {"name":"The Dream Machine (itch)", "platforms":"PC||macOS", "developers":"Cockroach", "genres":"Adventure||Puzzle"},
 {"name":"Drunk or Dead", "platforms":"PC", "developers":"4 I Lab", "genres":"Action||Simulation||Indie"},
 {"name":". . . Love Past . . .", "platforms":"Web", "developers":"trixel", "genres":""},
 {"name":"There Are Fountains", "platforms":"Web", "developers":"wednesday scones", "genres":""},
 {"name":"Dots eXtreme Demo", "platforms":"PC", "developers":"starwindgames", "genres":"Puzzle"},
 {"name":"The Stories of Caelum", "platforms":"PC", "developers":"caelumjogo", "genres":"Adventure||Puzzle"},
 {"name":"Ancient Defence", "platforms":"PC||macOS", "developers":"Matt Rix", "genres":"Strategy"},
 {"name":"Well it's an essay about Jon", "platforms":"PC", "developers":"spacetwinks", "genres":""},
 {"name":"Zak", "platforms":"PC||macOS||Linux||Web", "developers":"Scott Slucher||nibor7301", "genres":"Platformer"},
 {"name":"Step Off", "platforms":"PC", "developers":"morrish", "genres":"Action"},
 {"name":"Nika", "platforms":"Web", "developers":"Studio Mercato", "genres":"Strategy"},
 {"name":"Typing...", "platforms":"PC||Web", "developers":"DancingEngie", "genres":""},
 {"name":"Tyranny", "platforms":"macOS||Linux||PC", "developers":"Obsidian Entertainment", "genres":"RPG"},
 {"name":"AotMFC", "platforms":"PC", "developers":"wildlogicgames", "genres":"Action||Platformer"},
 {"name":"Cursed Crown", "platforms":"PC", "developers":"Aegix Drakan", "genres":"RPG"},
 {"name":"FRESHPOWPOW", "platforms":"PC", "developers":"FlappyFingers", "genres":"Sports"},
 {"name":"Rogue Princess", "platforms":"Web", "developers":"ladybenko", "genres":""},
 {"name":"Spacebomb", "platforms":"PC||macOS||Linux", "developers":"Gosh Darn Games", "genres":"Action"},
 {"name":"Error Ware", "platforms":"PC", "developers":"U-GameZ", "genres":""},
 {"name":"Mindblocked", "platforms":"PC||Web", "developers":"Diptoman", "genres":"Puzzle"},
 {"name":"COMPRESSION GHOSTS", "platforms":"Web", "developers":"lehall", "genres":""},
 {"name":"Super Duper Ship 2", "platforms":"PC", "developers":"Triple Take", "genres":"Action"},
 {"name":"Guild of Dungeoneering Ice Cream Headaches", "platforms":"PC||macOS", "developers":"Versus Evil", "genres":""},
 {"name":"Mighty Dungeons", "platforms":"Android||macOS||PC||iOS", "developers":"Crescent Moon Games||Yohan Launay||Frederic Gaillard||Laylio Games", "genres":"Adventure||RPG||Board Games||Casual||Indie"},
 {"name":"Stellaris", "platforms":"Linux||PC||Nintendo Switch||macOS", "developers":"Paradox Development Studio", "genres":"Strategy||Simulation"},
 {"name":"Verger *PICO-8 prototype*", "platforms":"Web", "developers":"-hexcavator-", "genres":"Action||Adventure||RPG"},
 {"name":"After the Future", "platforms":"Web", "developers":"Bichodust", "genres":"Puzzle"},
 {"name":"Granny Games - Margie", "platforms":"PC||macOS||Linux||Web", "developers":"Fring Frang", "genres":"Simulation"},
 {"name":"Spirit of the Sky", "platforms":"PC", "developers":"ToothandClaw", "genres":"Adventure"},
 {"name":"Wolfenstein 3D VR (PrIMD)", "platforms":"PC", "developers":"PrIMD", "genres":"Shooter"},
 {"name":"Dead Pixel", "platforms":"PC", "developers":"David Jagneaux", "genres":"Platformer"},
 {"name":"The Grim Puzzler (Alpha)", "platforms":"PC", "developers":"Ingenious_Games", "genres":"Platformer"},
 {"name":"30 Kilowatt Hours Left", "platforms":"PC||macOS||Linux", "developers":"Tofu Sheets Visual", "genres":""},
 {"name":"Fiends and Friends", "platforms":"PC", "developers":"Natalie", "genres":""},
 {"name":"Del's Doodles Jigsaw Puzzle: Fractal Mandala 13", "platforms":"Web", "developers":"Screwy Lightbulb", "genres":"Puzzle"},
 {"name":"The Great Whale Road", "platforms":"PC||Linux||macOS", "developers":"Sunburned Games", "genres":"Adventure||RPG||Strategy||Simulation||Indie"},
 {"name":"Illusionist's Fate", "platforms":"Web", "developers":"mellenka", "genres":"Adventure"},
 {"name":"Turning Point (itch)", "platforms":"PC||Android", "developers":"GingerCrab", "genres":"Puzzle"},
 {"name":"Neoteria (itch)", "platforms":"PC||macOS||Linux", "developers":"Orangepixel", "genres":"Shooter"},
 {"name":"Beet Boy", "platforms":"Web", "developers":"All Night", "genres":"Platformer"},
 {"name":"Nova-111 (itch)", "platforms":"PC||macOS", "developers":"Funktronic Labs", "genres":"Strategy"},
 {"name":"Break The Targets (itch)", "platforms":"Android", "developers":"Qual", "genres":"Platformer"},
 {"name":"Silent Hill 2.5 fangame", "platforms":"PC", "developers":"s5zone", "genres":"Action"},
 {"name":"Mission: GALAZA [demo]", "platforms":"PC", "developers":"CHV'OK Studio", "genres":"Shooter"},
 {"name":"Tribe of the Giant", "platforms":"", "developers":"Merlijn Van Holder", "genres":"Adventure"},
 {"name":"ERSATZ (itch)", "platforms":"PC||macOS||Linux", "developers":"ALL iN", "genres":"Action||Platformer"},
 {"name":"Porradaria 2: Pagode of the Night", "platforms":"Linux||PC", "developers":"CleanWaterSoft", "genres":"Action||Adventure||Indie"},
 {"name":"Freaking Meatbags (itch)", "platforms":"PC", "developers":"Plug In Digital", "genres":"Action||Strategy"},
 {"name":"Carpe Diem: Reboot (itch)", "platforms":"PC", "developers":"Eyzi", "genres":"RPG"},
 {"name":"Oversomnia", "platforms":"PC", "developers":"Wambysock", "genres":""},
 {"name":"FROOT LOOT", "platforms":"Web", "developers":"GameDevsQuest", "genres":"Action||Platformer"},
 {"name":"Unicorn Dungeon (itch)", "platforms":"PC||Linux", "developers":"Stand Off Software", "genres":"Adventure||Puzzle"},
 {"name":"Crillion", "platforms":"Web", "developers":"gnbn", "genres":"Puzzle"},
 {"name":"Tiny Worlds in Flasks", "platforms":"PC||Web", "developers":"Fi Silva", "genres":"Simulation"},
 {"name":"Conquest (itch)", "platforms":"PC||macOS", "developers":"Outlands", "genres":""},
 {"name":"To The Death", "platforms":"PC", "developers":"SAE Brisbane Games", "genres":"Platformer"},
 {"name":"Slow Growing", "platforms":"Web", "developers":"Ebeth", "genres":""},
 {"name":"Serious Sam VR: The Second Encounter", "platforms":"Linux||PC", "developers":"Croteam", "genres":"Action||Indie"},
 {"name":"The loot cave", "platforms":"Web", "developers":"misato", "genres":"Shooter"},
 {"name":"The Lost Beans", "platforms":"Web", "developers":"dollarone", "genres":"Platformer"},
 {"name":"SwitchShot", "platforms":"PC", "developers":"teammooni", "genres":"Shooter"},
 {"name":"Medieval Steve - DEMO", "platforms":"PC", "developers":"JforthDesigns", "genres":"Platformer"},
 {"name":"Barbacteria's Odyssey", "platforms":"PC", "developers":"IDK Games", "genres":"Shooter"},
 {"name":"B.F.F.", "platforms":"PC", "developers":"MrMortal", "genres":"Action"},
 {"name":"Glitche", "platforms":"PC||macOS||Linux", "developers":"Dani Jerez", "genres":"Platformer"},
 {"name":"SpookyCellar", "platforms":"PC", "developers":"Bros Before Giraffes", "genres":""},
 {"name":"BGS Kickstarter Game Pack", "platforms":"PC", "developers":"Buffalo Game Space", "genres":""},
 {"name":"Phobos Gate", "platforms":"Web", "developers":"Circa1998", "genres":""},
 {"name":"Serious Sam VR: The First Encounter", "platforms":"PC||Linux", "developers":"Croteam", "genres":"Action||Indie"},
 {"name":"HEADSTUCK", "platforms":"Web", "developers":"fullmontis", "genres":""},
 {"name":"Mechanic Escape (itch)", "platforms":"PC||macOS", "developers":"Plug In Digital", "genres":"Platformer"},
 {"name":"Cumanbins", "platforms":"PC||macOS", "developers":"cumanbins", "genres":"Puzzle"},
 {"name":"LIFE - A Whovian Adventure Game", "platforms":"PC", "developers":"Jubal Barca", "genres":"Adventure||Puzzle"},
 {"name":"Conflicks: Revolutionary Space Battles", "platforms":"PC", "developers":"Plug In Digital", "genres":"Action||Strategy"},
 {"name":"Kung Fu Volleyball", "platforms":"PC||macOS", "developers":"KO_OP", "genres":"Sports"},
 {"name":"Medusa's Garden", "platforms":"PC||macOS", "developers":"PityParty", "genres":"Puzzle"},
 {"name":"Traveling Bacon", "platforms":"PC||macOS||Linux", "developers":"lateleafgames", "genres":"Puzzle"},
 {"name":"Magic Technology (itch)", "platforms":"PC", "developers":"VulkanoForge", "genres":"RPG||Strategy"},
 {"name":"Techwars Online 2", "platforms":"PC", "developers":"Argus Games||IGP||Promo trade toys", "genres":"Action||Strategy||Massively Multiplayer||Indie"},
 {"name":"Toby: The Secret Mine (itch)", "platforms":"PC||macOS||Linux", "developers":"LukasNavratil", "genres":"Platformer"},
 {"name":"FIREFLY GUN !", "platforms":"Web", "developers":"Travis Root", "genres":"Adventure"},
 {"name":"I Am Fear", "platforms":"PC", "developers":"RisingPixel", "genres":""},
 {"name":"Invaders The Resurrection", "platforms":"PC", "developers":"Luca Anzalone Dev", "genres":"Shooter"},
 {"name":"The Twins (aWiseChimera)", "platforms":"PC", "developers":"aWiseChimera", "genres":"Adventure"},
 {"name":"Potato Cyborg Temple ESPIONAGE", "platforms":"Web", "developers":"Daniel Savage", "genres":"Action"},
 {"name":"Sugar", "platforms":"PC", "developers":"Valery Marier", "genres":"RPG"},
 {"name":"Steel Division Normandy Deluxe", "platforms":"PC", "developers":"Plug In Digital", "genres":"Strategy"},
 {"name":"House of the Rising Sun", "platforms":"Web", "developers":"shide", "genres":"Strategy"},
 {"name":"Beat Ball 2", "platforms":"PC", "developers":"imphenzia", "genres":""},
 {"name":"Dark Legion VR", "platforms":"PC", "developers":"Ice World", "genres":"Action||Adventure||Casual||Indie"},
 {"name":"Belle Tower", "platforms":"PC||macOS||Web", "developers":"Swetha & Nivetha Kannan", "genres":"Adventure"},
 {"name":"Gropus", "platforms":"PC||macOS||Linux", "developers":"mojiferous||hexagoncircle", "genres":"Puzzle"},
 {"name":"Bitphomet: Pixel Devil", "platforms":"PC", "developers":"typotromic", "genres":"Action"},
 {"name":"Wishing Seed", "platforms":"PC", "developers":"Adoxographist", "genres":""},
 {"name":"Know Your Place (AsmJam15)", "platforms":"PC", "developers":"McBurrobit", "genres":""},
 {"name":"Face Swap", "platforms":"PC", "developers":"PhilllChabbb", "genres":""},
 {"name":"Pixel: ru\u00c2\u00b2 (itch)", "platforms":"PC", "developers":"// C63.Industries||Wolfenhex||Charlaxy", "genres":"Shooter||Platformer"},
 {"name":"Theoreum", "platforms":"PC", "developers":"Misfit Village", "genres":"Educational||Platformer"},
 {"name":"Treevium", "platforms":"PC||macOS||Web", "developers":"Alex||BlueScript||Draxen1", "genres":"Platformer"},
 {"name":"Plant Game", "platforms":"PC||macOS", "developers":"Dumpstertree", "genres":""},
 {"name":"Warstone TD", "platforms":"PC||macOS", "developers":"Battlecruiser Games", "genres":"Strategy||Indie"},
 {"name":"Requiem (itch)", "platforms":"PC", "developers":"PicklesIIDX", "genres":"Shooter"},
 {"name":"Ah! My Girlfriend is a Demon Summoned from the Depths of Hell!", "platforms":"PC||macOS||Linux", "developers":"Watercress", "genres":""},
 {"name":"the last days of our castle", "platforms":"Web", "developers":"mark wonnacott", "genres":""},
 {"name":"All-Purpose Potions", "platforms":"PC", "developers":"Sleepless Knights", "genres":""},
 {"name":"RPG Shop", "platforms":"PC", "developers":"Lawrence Lazauskas", "genres":"Adventure||RPG||Simulation"},
 {"name":"Entropic Thunder", "platforms":"Web", "developers":"JohnLee Cooper", "genres":"Puzzle"},
 {"name":"DarkBlaster", "platforms":"PC", "developers":"Boxhead", "genres":"Action||Shooter"},
 {"name":"Sheepish", "platforms":"PC", "developers":"SockBoxProductions", "genres":""},
 {"name":"Sonic OC 7", "platforms":"PC||macOS||Linux||Web", "developers":"Aether Interactive", "genres":"Adventure"},
 {"name":"Fruiog Fishin", "platforms":"PC", "developers":"Caffinate", "genres":"Action"},
 {"name":"Peons", "platforms":"PC||macOS", "developers":"BodhiSlam", "genres":"Puzzle"},
 {"name":"Ball Labyrinth", "platforms":"PC", "developers":"Mr Wild Cat", "genres":""},
 {"name":"Caos Trigger: Golem DEMO", "platforms":"PC||Android", "developers":"DustyCat Media", "genres":"RPG||Platformer"},
 {"name":"The Wastes (itch)", "platforms":"PC", "developers":"Huw2k8", "genres":"RPG"},
 {"name":"Slip Gear", "platforms":"PC", "developers":"Inferno Muse Interactive", "genres":"Shooter||Platformer"},
 {"name":"Gravity Sucks", "platforms":"PC", "developers":"Nocturne Games", "genres":"Platformer"},
 {"name":"Pot Wash Panic", "platforms":"Web", "developers":"Haunt Pun", "genres":"Puzzle"},
 {"name":"Skull Limb", "platforms":"Web", "developers":"Fearemember", "genres":"Action"},
 {"name":"daemon (LD39 Game Jam)", "platforms":"PC||macOS||Linux||Web", "developers":"bombjackm", "genres":"Platformer"},
 {"name":"Somber", "platforms":"PC||macOS", "developers":"43K Studios||curtpixels", "genres":""},
 {"name":"Hitman: Codename 47", "platforms":"PC", "developers":"IO Interactive", "genres":"Action||Shooter"},
 {"name":"Cosmic Horizon -Super 3D Tile-matching Game Puzzle", "platforms":"PC||macOS||Linux", "developers":"Mauricio Felippe", "genres":"Puzzle"},
 {"name":"My Special Little Flower", "platforms":"PC||macOS||Linux", "developers":"nadia nova", "genres":"Adventure||Platformer"},
 {"name":"Train Track Champion", "platforms":"PC", "developers":"Geordie.Hawkins", "genres":"Platformer"},
 {"name":"Heroes of Nyria", "platforms":"PC", "developers":"MMarker", "genres":"Action"},
 {"name":"Orderly Byte(JPN)", "platforms":"Web", "developers":"dcd3b2", "genres":"Adventure"},
 {"name":"Wizard King (itch)", "platforms":"PC", "developers":"MaruGames", "genres":"Strategy"},
 {"name":"Pocket", "platforms":"PC||macOS", "developers":"ShuddaHaddaLottaFun", "genres":"Platformer"},
 {"name":"The Master's Eye", "platforms":"PC", "developers":"Richards Game Studio", "genres":"RPG||Fighting"},
 {"name":"Valhalla Bound", "platforms":"PC||macOS||Linux", "developers":"Avizial", "genres":"Action"},
 {"name":"antitag", "platforms":"PC", "developers":"lunarsignals", "genres":""},
 {"name":"Ultimate Soliatire Collection", "platforms":"PS Vita", "developers":"8Floor", "genres":""},
 {"name":"Thief Gold", "platforms":"PC", "developers":"Looking Glass Studios", "genres":"Action||Simulation"},
 {"name":"ASCII Attack (itch)", "platforms":"PC", "developers":"daisymazegames", "genres":"Action"},
 {"name":"Pixel Parchment UI Kit", "platforms":"PC||macOS||Linux", "developers":"The Bee's Knees", "genres":""},
 {"name":"ANKI (itch)", "platforms":"PC", "developers":"Krupinski Art", "genres":"Platformer"},
 {"name":"Bras d'Honneur SIGMA", "platforms":"PC||macOS||Linux", "developers":"Anthony Jauneaud", "genres":"Adventure"},
 {"name":"Blobs Adventure", "platforms":"PC", "developers":"TurboNuke", "genres":"Action||Platformer"},
 {"name":"Night walk", "platforms":"PC||macOS||Web", "developers":"Cl\u00c3\u00a9ment Duquesne", "genres":"Platformer"},
 {"name":"The Deciding Factor", "platforms":"PC", "developers":"phantum66", "genres":"Sports||Racing"},
 {"name":"Firestone Saga", "platforms":"PC", "developers":"UntoldTales", "genres":"RPG||Puzzle"},
 {"name":"Crystals (itch)", "platforms":"PC", "developers":"Asuraid", "genres":""},
 {"name":"Xeno Strike", "platforms":"Android", "developers":"Digital Barbarian", "genres":"Action"},
 {"name":"RadQuest", "platforms":"PC", "developers":"SuperSonicSoda", "genres":"Platformer"},
 {"name":"BOYD - Little Strawberry Adventure", "platforms":"PC", "developers":"LtEmi", "genres":"Adventure"},
 {"name":"Astar", "platforms":"PC", "developers":"morrish", "genres":"Puzzle"},
 {"name":"wreckboy", "platforms":"PC||macOS||Linux||Web", "developers":"chess", "genres":"Simulation"},
 {"name":"Tasty Ninja: Vegetable Invasion", "platforms":"PC", "developers":"Satellite Art Games", "genres":"Platformer"},
 {"name":"The Chickenator (itch)", "platforms":"PC", "developers":"CREATIVE STUDIO COMANDO2", "genres":"Action"},
 {"name":"SHOOTER GAL", "platforms":"PC", "developers":"Rivit", "genres":""},
 {"name":"MontaSayer (itch)", "platforms":"PC", "developers":"BUG-Studio", "genres":"RPG"},
 {"name":"XOXO Academy", "platforms":"PC||macOS||Linux", "developers":"owl.", "genres":"RPG"},
 {"name":"Bombslinger", "platforms":"PC||Xbox One||Nintendo Switch", "developers":"Mode4", "genres":"Action||Adventure||Indie"},
 {"name":"Love for a Stray", "platforms":"PC", "developers":"Stephen", "genres":"Adventure"},
 {"name":"Revolvermen", "platforms":"PC", "developers":"bq", "genres":"Platformer"},
 {"name":"Last in Time", "platforms":"PC||Linux||Web", "developers":"patrickreh", "genres":"Adventure"},
 {"name":"Virtual Creature", "platforms":"macOS||Linux", "developers":"Mark Sowden", "genres":"Simulation"},
 {"name":"Teleporters", "platforms":"Web", "developers":"Rosden Shadow", "genres":"Puzzle"},
 {"name":"Tales Across Time (itch)", "platforms":"PC", "developers":"CriticalGames", "genres":"RPG"},
 {"name":"Cement Mixer Simulator 2003", "platforms":"PC", "developers":"claufiersoft", "genres":"Simulation"},
 {"name":"Windy Lights", "platforms":"PC", "developers":"Crow Inthesnow", "genres":"Racing||Platformer"},
 {"name":"The Real Texas - Part 2, Part 1 - Cellpop Goes Out At Night", "platforms":"PC||macOS||Linux", "developers":"Kitty Lambda Games", "genres":""},
 {"name":"You're In The Band", "platforms":"PC", "developers":"FriendlyFrog", "genres":"Simulation"},
 {"name":"Project: Snowblind", "platforms":"PC", "developers":"Crystal Dynamics", "genres":"Action"},
 {"name":"Siege Breaker", "platforms":"PC", "developers":"S4G School for Games", "genres":"Puzzle"},
 {"name":"Pewco", "platforms":"Web", "developers":"RedzThief", "genres":"Shooter"},
 {"name":"Idle Population", "platforms":"PC||macOS", "developers":"NightDevelopment", "genres":""},
 {"name":"Hyper Neon Fishing", "platforms":"PC||macOS", "developers":"Team Hyper Neon", "genres":"Action"},
 {"name":"Derpy's Basics 2 (The Scarier Version)", "platforms":"PC", "developers":"Spongebob7989", "genres":""},
 {"name":"Dark Star", "platforms":"PC", "developers":"Frump", "genres":"Action"},
 {"name":"Minos", "platforms":"PC", "developers":"siren.minos", "genres":"Adventure"},
 {"name":"Secrets", "platforms":"PC||macOS||Linux", "developers":"KagiProjects", "genres":""},
 {"name":"Sketch! Run!", "platforms":"PC", "developers":"Vi Games", "genres":"Indie"},
 {"name":"Tempbone", "platforms":"PC", "developers":"Yokcos", "genres":"Puzzle||Platformer"},
 {"name":"Night of the Limping Dead", "platforms":"PC", "developers":"George Owen||levela", "genres":""},
 {"name":"Rusto's Adventure - Heart Jam 2018 Submission", "platforms":"PC", "developers":"Aron Simpson", "genres":"Action||Adventure||Puzzle||Platformer"},
 {"name":"Build To Survive", "platforms":"PC||macOS", "developers":"HoldOnGames", "genres":""},
 {"name":"Airmen (itch)", "platforms":"PC", "developers":"Bronze_Johnson", "genres":"Action"},
 {"name":"IsoBoom (itch)", "platforms":"PC", "developers":"Thial", "genres":"Puzzle"},
 {"name":"Exilus", "platforms":"PC", "developers":"Linker", "genres":"Action"},
 {"name":"The War Ends Sky", "platforms":"PC||macOS||Linux", "developers":"Tristram Arts", "genres":"Action"},
 {"name":"Snek (TwisterGE)", "platforms":"PC||Linux", "developers":"TwisterGE", "genres":""},
 {"name":"Think To Die 3", "platforms":"Linux||PC||macOS", "developers":"Felip Guimer\u00c3\u00a0", "genres":"Strategy||Casual||Indie"},
 {"name":"Bunnyrama Demo", "platforms":"PC", "developers":"starwindgames", "genres":"Puzzle"},
 {"name":"Kaiju Dating Simulator - Ren'aiJu", "platforms":"PC||macOS", "developers":"Chaheezor", "genres":"Simulation"},
 {"name":"MIDInight Run", "platforms":"PC||macOS||Linux", "developers":"Corey Martin", "genres":"Action"},
 {"name":"eXpat (A. Durakin)", "platforms":"PC||macOS||Linux", "developers":"A. Durakin", "genres":"Shooter"},
 {"name":"Valentin&valentin", "platforms":"Web", "developers":"Armel Gibson", "genres":""},
 {"name":"Radiant Story", "platforms":"PC", "developers":"magiclionent", "genres":"RPG"},
 {"name":"Pale Blue Dot", "platforms":"PC||Web", "developers":"Secretcat", "genres":"Puzzle"},
 {"name":"Push and Pull", "platforms":"PC", "developers":"MichaelStewart", "genres":"Platformer"},
 {"name":"Elevator Operator", "platforms":"Web", "developers":"Heidi Erwin", "genres":"Strategy||Puzzle"},
 {"name":"52 Hertz", "platforms":"PC", "developers":"Malisa Nash", "genres":""},
 {"name":"Kane and Lynch: Dead Men", "platforms":"PC||Xbox 360||PlayStation 3", "developers":"Square Enix||IO Interactive", "genres":"Action||Shooter"},
 {"name":"A Walk in the Silent Street", "platforms":"PC", "developers":"Sylphonia Games PH", "genres":""},
 {"name":"Office Man", "platforms":"PC", "developers":"Yai7", "genres":"Adventure||Puzzle"},
 {"name":"Kuburi", "platforms":"Android", "developers":"Pol Clarissou||Adrien Peyromaure-Debord-Broca", "genres":""},
 {"name":"The Classroom", "platforms":"Web", "developers":"palsina", "genres":"Action"},
 {"name":"Neon Brood (itch)", "platforms":"PC", "developers":"NarayanGames", "genres":"Action"},
 {"name":"Fantasim", "platforms":"PC||macOS||Linux||Android", "developers":"Andreas Jonsson", "genres":"Simulation"},
 {"name":"Alchemica - Crafting RPG", "platforms":"PC", "developers":"Crunchy Bit Games", "genres":"RPG||Simulation"},
 {"name":"The Salt Fortress", "platforms":"PC", "developers":"baptisteminy", "genres":"Adventure"},
 {"name":"Mass Effect 3 - Tuchanka", "platforms":"PC||macOS", "developers":"Malteaser", "genres":""}]